"","IL[A]","IZ[A]","IH[A]","Bx[G]","By[G]","Bz[G]","",""
"InitialTrap",0.,0,0.8505,2.4010000000000002,2.3000000000000003,-8.9375,36.67216199999999,1.5552000000000004
"FinalTrap",0.,0,0.,2.5999995,2.6,-2.35625,6.142975428480001,-3.888
